uniprot_id	node_id	y	prediction	y_hat
P29373	A:SER:13	1.0	1.0	0.5786755681037903
P29373	A:SER:90	1.0	1.0	0.6330856084823608
P29373	A:THR:62	1.0	1.0	0.519511878490448
P29373	A:THR:57	0.0	1.0	0.5134092569351196
P29373	A:THR:76	0.0	0.0	0.4684143662452698
P29373	A:THR:61	0.0	1.0	0.524430513381958
P29373	A:THR:132	0.0	1.0	0.5553694367408752
P29373	A:SER:56	0.0	1.0	0.5482707023620605
P29373	A:THR:111	0.0	1.0	0.5783084034919739
P29373	A:THR:58	0.0	1.0	0.5210103392601013
Q9HBJ8	A:TYR:40	1.0	0.0	0.41389575600624084
Q9HBJ8	A:TYR:48	1.0	0.0	0.40605753660202026
Q9HBJ8	A:SER:164	0.0	1.0	0.5863902568817139
Q9HBJ8	A:SER:57	0.0	1.0	0.5391818284988403
Q9HBJ8	A:THR:220	0.0	1.0	0.6240485310554504
P55017	A:SER:73	1.0	1.0	0.7755147218704224
P55017	A:SER:91	1.0	1.0	0.7219009399414062
P55017	A:SER:783	1.0	1.0	0.5550532937049866
P55017	A:ALA:811	1.0	1.0	0.6945505738258362
P55017	A:THR:46	1.0	1.0	0.8485930562019348
P55017	A:THR:50	1.0	1.0	0.8103432059288025
P55017	A:THR:55	1.0	1.0	0.6585871577262878
P55017	A:THR:60	1.0	1.0	0.6871377229690552
P55017	A:THR:66	1.0	1.0	0.5972359776496887
P55017	A:THR:74	1.0	1.0	0.729627788066864
P55017	A:THR:85	1.0	1.0	0.6578897833824158
P55017	A:THR:697	1.0	1.0	0.5660834908485413
P55017	A:TYR:70	1.0	1.0	0.5241064429283142
P55017	A:TYR:605	1.0	0.0	0.49069342017173767
P55017	A:SER:283	0.0	1.0	0.5199249386787415
P55017	A:THR:431	0.0	1.0	0.5180885195732117
P55017	A:SER:208	0.0	1.0	0.6224373579025269
P55017	A:SER:218	0.0	1.0	0.6091200113296509
P55017	A:SER:987	0.0	1.0	0.5483151078224182
P55017	A:SER:551	0.0	1.0	0.6384937763214111
P55017	A:SER:190	0.0	1.0	0.6402820348739624
P55017	A:THR:241	0.0	0.0	0.4987250864505768
P55017	A:SER:126	0.0	1.0	0.7324697971343994
P55017	A:SER:48	0.0	1.0	0.8122171759605408
P55017	A:THR:1017	0.0	1.0	0.5276856422424316
P55017	A:SER:561	0.0	1.0	0.5301879644393921
P55017	A:THR:352	0.0	1.0	0.5874952077865601
P55017	A:THR:194	0.0	1.0	0.5096887946128845
P55017	A:TYR:564	0.0	0.0	0.4926646053791046
P55017	A:THR:339	0.0	0.0	0.42996132373809814
P55017	A:SER:451	0.0	0.0	0.45094311237335205
Q9ULT6	A:SER:278	1.0	1.0	0.8540056347846985
Q9ULT6	A:SER:409	1.0	1.0	0.8634936809539795
Q9ULT6	A:SER:441	1.0	1.0	0.8958653211593628
Q9ULT6	A:SER:455	1.0	1.0	0.8383421301841736
Q9ULT6	A:SER:608	1.0	1.0	0.8571799397468567
Q9ULT6	A:SER:627	1.0	1.0	0.8752412796020508
Q9ULT6	A:SER:690	1.0	1.0	0.8790093064308167
Q9ULT6	A:THR:264	1.0	0.0	0.40530627965927124
Q9ULT6	A:THR:412	1.0	1.0	0.8001075983047485
Q9ULT6	A:TYR:182	1.0	0.0	0.45616891980171204
Q9ULT6	A:TYR:408	1.0	1.0	0.5351086258888245
Q9ULT6	A:TYR:415	1.0	1.0	0.6152309775352478
Q9ULT6	A:TYR:440	1.0	1.0	0.5941395163536072
Q9ULT6	A:TYR:594	1.0	1.0	0.5027347803115845
Q9ULT6	A:TYR:599	1.0	1.0	0.5244232416152954
Q9ULT6	A:TYR:759	1.0	1.0	0.5799763798713684
Q9ULT6	A:THR:214	0.0	0.0	0.46131250262260437
Q9ULT6	A:TYR:216	0.0	0.0	0.34663811326026917
Q9ULT6	A:TYR:580	0.0	0.0	0.49971336126327515
Q9ULT6	A:TYR:542	0.0	1.0	0.5485458970069885
Q9ULT6	A:SER:523	0.0	1.0	0.8360339999198914
Q9ULT6	A:SER:537	0.0	1.0	0.8402829170227051
Q9ULT6	A:SER:287	0.0	1.0	0.7440550923347473
Q9ULT6	A:THR:526	0.0	1.0	0.6954486966133118
Q9ULT6	A:TYR:368	0.0	1.0	0.6191311478614807
Q9ULT6	A:SER:463	0.0	1.0	0.7894775867462158
Q9ULT6	A:SER:352	0.0	1.0	0.7517629861831665
Q9ULT6	A:THR:363	0.0	1.0	0.7635170817375183
Q9ULT6	A:THR:351	0.0	1.0	0.6459219455718994
Q9ULT6	A:THR:572	0.0	1.0	0.7312137484550476
Q9ULT6	A:THR:398	0.0	1.0	0.7607159614562988
Q9ULT6	A:THR:290	0.0	0.0	0.4971127212047577
Q9ULT6	A:SER:172	0.0	1.0	0.5342385768890381
Q9ULT6	A:THR:91	0.0	0.0	0.4544782042503357
Q9ULT6	A:SER:86	0.0	1.0	0.5873497724533081
Q9ULT6	A:TYR:118	0.0	0.0	0.3841627538204193
Q9ULT6	A:TYR:479	0.0	1.0	0.5803148746490479
Q9ULT6	A:TYR:381	0.0	1.0	0.602954089641571
Q9ULT6	A:THR:383	0.0	1.0	0.7252146601676941
Q9ULT6	A:SER:29	0.0	1.0	0.8239409327507019
Q9ULT6	A:THR:78	0.0	0.0	0.464579701423645
Q9ULT6	A:THR:79	0.0	0.0	0.46333637833595276
Q9ULT6	A:SER:286	0.0	1.0	0.7923372983932495
Q9Y4W2	A:SER:21	1.0	1.0	0.8063099980354309
Q9Y4W2	A:SER:90	1.0	1.0	0.6142377257347107
Q9Y4W2	A:SER:127	1.0	0.0	0.49722203612327576
Q9Y4W2	A:SER:235	1.0	1.0	0.8601388931274414
Q9Y4W2	A:SER:238	1.0	1.0	0.8388089537620544
Q9Y4W2	A:SER:246	1.0	1.0	0.8535953164100647
Q9Y4W2	A:SER:249	1.0	1.0	0.6717749238014221
Q9Y4W2	A:SER:261	1.0	1.0	0.7073895335197449
Q9Y4W2	A:SER:301	1.0	1.0	0.7008315920829773
Q9Y4W2	A:SER:363	1.0	1.0	0.7668483853340149
Q9Y4W2	A:SER:441	1.0	1.0	0.6362050175666809
Q9Y4W2	A:SER:477	1.0	1.0	0.633583128452301
Q9Y4W2	A:SER:510	1.0	1.0	0.6370375752449036
Q9Y4W2	A:SER:514	1.0	1.0	0.8336321115493774
Q9Y4W2	A:SER:523	1.0	1.0	0.8824802041053772
Q9Y4W2	A:SER:528	1.0	1.0	0.847944974899292
Q9Y4W2	A:SER:534	1.0	1.0	0.8270079493522644
Q9Y4W2	A:SER:538	1.0	1.0	0.8092688918113708
Q9Y4W2	A:SER:543	1.0	1.0	0.8243371248245239
Q9Y4W2	A:SER:545	1.0	1.0	0.8571051359176636
Q9Y4W2	A:SER:548	1.0	1.0	0.8628291487693787
Q9Y4W2	A:SER:560	1.0	1.0	0.8535427451133728
Q9Y4W2	A:SER:612	1.0	1.0	0.8370978832244873
Q9Y4W2	A:SER:617	1.0	1.0	0.8776868581771851
Q9Y4W2	A:THR:91	1.0	1.0	0.5528931021690369
Q9Y4W2	A:THR:613	1.0	1.0	0.7776113152503967
Q9Y4W2	A:THR:619	1.0	1.0	0.7302237749099731
Q9Y4W2	A:TYR:24	1.0	1.0	0.6287438273429871
Q9Y4W2	A:TYR:115	1.0	0.0	0.45731624960899353
Q9Y4W2	A:TYR:536	1.0	1.0	0.5162534713745117
Q9Y4W2	A:THR:103	0.0	0.0	0.4758787453174591
Q9Y4W2	A:THR:108	0.0	0.0	0.4501792788505554
Q9Y4W2	A:SER:710	0.0	1.0	0.8314525485038757
Q9Y4W2	A:SER:707	0.0	1.0	0.8422507047653198
Q9Y4W2	A:SER:33	0.0	1.0	0.8121938705444336
Q9Y4W2	A:SER:688	0.0	1.0	0.8240967988967896
Q9Y4W2	A:THR:359	0.0	1.0	0.7601768970489502
Q9Y4W2	A:SER:37	0.0	1.0	0.7876573801040649
Q9Y4W2	A:SER:712	0.0	1.0	0.8318962454795837
Q9Y4W2	A:THR:659	0.0	1.0	0.7047950625419617
Q9Y4W2	A:TYR:670	0.0	0.0	0.47838789224624634
Q9Y4W2	A:SER:459	0.0	1.0	0.6834372282028198
Q9Y4W2	A:THR:433	0.0	1.0	0.6378066539764404
Q9Y4W2	A:THR:351	0.0	1.0	0.7270494699478149
Q9Y5X0	A:SER:141	1.0	1.0	0.6918931603431702
Q9Y5X0	A:TYR:140	1.0	0.0	0.48627492785453796
Q9Y5X0	A:SER:66	0.0	1.0	0.5665335059165955
Q9Y5X0	A:SER:123	0.0	1.0	0.5284937620162964
Q9Y5X0	A:THR:47	0.0	0.0	0.4829673767089844
Q9Y5X0	A:THR:138	0.0	1.0	0.5287428498268127
Q6PD62	A:SER:159	1.0	1.0	0.5597289204597473
Q6PD62	A:SER:361	1.0	1.0	0.6092539429664612
Q6PD62	A:SER:911	1.0	1.0	0.8148806691169739
Q6PD62	A:SER:932	1.0	1.0	0.7923120856285095
Q6PD62	A:SER:941	1.0	1.0	0.8108712434768677
Q6PD62	A:SER:943	1.0	1.0	0.8147112727165222
Q6PD62	A:SER:970	1.0	1.0	0.8056098818778992
Q6PD62	A:SER:1015	1.0	1.0	0.7371799349784851
Q6PD62	A:SER:1016	1.0	1.0	0.7285559177398682
Q6PD62	A:SER:1017	1.0	1.0	0.7385771870613098
Q6PD62	A:SER:1020	1.0	1.0	0.7535774111747742
Q6PD62	A:SER:1021	1.0	1.0	0.7431148886680603
Q6PD62	A:SER:1037	1.0	1.0	0.7983458042144775
Q6PD62	A:SER:1039	1.0	1.0	0.7844835519790649
Q6PD62	A:SER:1041	1.0	1.0	0.7768396139144897
Q6PD62	A:SER:1043	1.0	1.0	0.7968788146972656
Q6PD62	A:SER:1059	1.0	1.0	0.802433967590332
Q6PD62	A:SER:1066	1.0	1.0	0.7867954969406128
Q6PD62	A:SER:1068	1.0	1.0	0.8873372673988342
Q6PD62	A:SER:1072	1.0	1.0	0.8946043848991394
Q6PD62	A:SER:1081	1.0	1.0	0.832836389541626
Q6PD62	A:SER:1085	1.0	1.0	0.8203770518302917
Q6PD62	A:SER:1087	1.0	1.0	0.8473932147026062
Q6PD62	A:SER:1091	1.0	1.0	0.8080801963806152
Q6PD62	A:SER:1097	1.0	1.0	0.8445663452148438
Q6PD62	A:SER:1099	1.0	1.0	0.8447372913360596
Q6PD62	A:SER:1102	1.0	1.0	0.8002395033836365
Q6PD62	A:SER:1106	1.0	1.0	0.8643223643302917
Q6PD62	A:SER:1112	1.0	1.0	0.8415191769599915
Q6PD62	A:SER:1117	1.0	1.0	0.8441938161849976
Q6PD62	A:SER:1121	1.0	1.0	0.8736177086830139
Q6PD62	A:SER:1125	1.0	1.0	0.8657817840576172
Q6PD62	A:SER:1130	1.0	1.0	0.7849234342575073
Q6PD62	A:SER:1138	1.0	1.0	0.8053155541419983
Q6PD62	A:SER:1147	1.0	1.0	0.8122234344482422
Q6PD62	A:SER:1151	1.0	1.0	0.8262302875518799
Q6PD62	A:SER:1156	1.0	1.0	0.8020344972610474
Q6PD62	A:THR:263	1.0	1.0	0.5038902759552002
Q6PD62	A:THR:812	1.0	1.0	0.5529223680496216
Q6PD62	A:THR:925	1.0	1.0	0.7643305063247681
Q6PD62	A:THR:975	1.0	1.0	0.7513434290885925
Q6PD62	A:TYR:92	1.0	0.0	0.4262332618236542
Q6PD62	A:TYR:93	1.0	1.0	0.5095351338386536
Q6PD62	A:TYR:117	1.0	1.0	0.5633471608161926
Q6PD62	A:SER:1003	0.0	1.0	0.8331700563430786
Q6PD62	A:THR:614	0.0	0.0	0.46836912631988525
Q6PD62	A:THR:751	0.0	1.0	0.5042318105697632
Q6PD62	A:THR:57	0.0	0.0	0.4841756224632263
Q6PD62	A:THR:717	0.0	1.0	0.5058903694152832
Q6PD62	A:THR:84	0.0	0.0	0.4442146420478821
Q6PD62	A:TYR:185	0.0	1.0	0.5530467629432678
Q6PD62	A:SER:500	0.0	1.0	0.5179098844528198
Q6PD62	A:TYR:262	0.0	0.0	0.39495816826820374
Q6PD62	A:THR:619	0.0	1.0	0.5148184299468994
Q6PD62	A:TYR:712	0.0	0.0	0.3824590742588043
Q6PD62	A:SER:339	0.0	1.0	0.529041588306427
Q6PD62	A:THR:425	0.0	0.0	0.4707653820514679
Q6PD62	A:SER:599	0.0	0.0	0.48303622007369995
Q6PD62	A:SER:229	0.0	1.0	0.5688153505325317
Q6PD62	A:SER:1010	0.0	1.0	0.6361907720565796
Q6PD62	A:SER:388	0.0	1.0	0.6022787094116211
P43004	A:SER:3	1.0	1.0	0.8042571544647217
P43004	A:SER:21	1.0	1.0	0.8368017673492432
P43004	A:SER:100	1.0	1.0	0.6622753739356995
P43004	A:THR:4	1.0	1.0	0.7313192486763
P43004	A:TYR:123	1.0	0.0	0.48604893684387207
P43004	A:TYR:124	1.0	1.0	0.6055417060852051
P43004	A:TYR:523	1.0	1.0	0.6046844124794006
P43004	A:SER:164	0.0	1.0	0.5551226139068604
P43004	A:THR:449	0.0	1.0	0.6158555150032043
P43004	A:THR:455	0.0	0.0	0.4666516184806824
P43004	A:SER:106	0.0	1.0	0.5898443460464478
P43004	A:SER:506	0.0	1.0	0.843258798122406
P43004	A:THR:433	0.0	1.0	0.537581205368042
P43004	A:SER:126	0.0	1.0	0.585741400718689
P43004	A:SER:480	0.0	1.0	0.5895634889602661
P43004	A:THR:319	0.0	0.0	0.4623817801475525
P43004	A:SER:487	0.0	1.0	0.6056392788887024
P43004	A:THR:340	0.0	1.0	0.5693418979644775
P43004	A:THR:553	0.0	1.0	0.7225918769836426
P43004	A:THR:226	0.0	1.0	0.5648010969161987
P43004	A:SER:560	0.0	1.0	0.8210028409957886
Q9Y6N6	A:SER:151	1.0	0.0	0.492113322019577
Q9Y6N6	A:SER:1281	1.0	1.0	0.7354093194007874
Q9Y6N6	A:THR:1278	1.0	1.0	0.6626092195510864
Q9Y6N6	A:THR:1287	1.0	1.0	0.7210219502449036
Q9Y6N6	A:TYR:160	1.0	1.0	0.5348281860351562
Q9Y6N6	A:SER:1153	0.0	1.0	0.712368905544281
Q9Y6N6	A:THR:1436	0.0	1.0	0.7032243013381958
Q9Y6N6	A:SER:1427	0.0	1.0	0.7573578953742981
Q9Y6N6	A:SER:1474	0.0	1.0	0.6862363219261169
Q9Y6N6	A:THR:1292	0.0	1.0	0.7334455251693726
Q9Y6N6	A:THR:1238	0.0	1.0	0.643619954586029
Q9Y6N6	A:THR:1169	0.0	1.0	0.7276480793952942
Q9Y6N6	A:THR:1157	0.0	1.0	0.7402878999710083
Q9Y6N6	A:SER:1323	0.0	1.0	0.7408758401870728
Q9Y6N6	A:SER:1125	0.0	1.0	0.6869158148765564
Q9Y6N6	A:THR:1113	0.0	1.0	0.7272813320159912
Q9Y6N6	A:SER:1530	0.0	1.0	0.7468957901000977
Q9Y6N6	A:THR:1329	0.0	1.0	0.6310529708862305
Q9Y6N6	A:SER:1536	0.0	1.0	0.7376294732093811
Q9Y6N6	A:SER:345	0.0	1.0	0.5662536025047302
Q9Y6N6	A:THR:170	0.0	0.0	0.4769153892993927
Q9Y6N6	A:SER:1573	0.0	1.0	0.6870893239974976
Q9Y6N6	A:SER:1255	0.0	1.0	0.769020676612854
Q9Y6N6	A:THR:1150	0.0	1.0	0.648987889289856
Q9Y6N6	A:SER:644	0.0	1.0	0.623387336730957
Q9Y6N6	A:SER:875	0.0	1.0	0.6379585862159729
Q9Y6N6	A:SER:899	0.0	1.0	0.6120324730873108
Q9Y6N6	A:THR:708	0.0	1.0	0.5525916218757629
Q9Y6N6	A:SER:853	0.0	1.0	0.60056072473526
Q9Y6N6	A:SER:888	0.0	1.0	0.6100673079490662
Q9Y6N6	A:SER:725	0.0	1.0	0.5859910249710083
Q9Y6N6	A:THR:431	0.0	1.0	0.6029731035232544
Q9Y6N6	A:SER:486	0.0	1.0	0.5990802049636841
Q9Y6N6	A:SER:195	0.0	0.0	0.4541151821613312
Q9Y6N6	A:TYR:259	0.0	0.0	0.46513721346855164
Q9Y6N6	A:SER:674	0.0	1.0	0.5347083210945129
Q9Y6N6	A:THR:1203	0.0	1.0	0.5924213528633118
Q9Y6N6	A:SER:769	0.0	1.0	0.6679306626319885
Q9Y6N6	A:TYR:554	0.0	0.0	0.3785838186740875
Q9Y6N6	A:SER:569	0.0	1.0	0.625004231929779
Q9Y6N6	A:SER:107	0.0	0.0	0.4728194773197174
Q9Y6N6	A:SER:105	0.0	1.0	0.5024670362472534
Q9Y6N6	A:SER:590	0.0	1.0	0.6474313735961914
Q9Y6N6	A:SER:421	0.0	1.0	0.6044016480445862
Q9Y6N6	A:TYR:851	0.0	1.0	0.5744277238845825
Q9Y6N6	A:THR:728	0.0	1.0	0.6380001306533813
Q9Y6N6	A:THR:408	0.0	1.0	0.6121984124183655
Q9Y6N6	A:SER:491	0.0	1.0	0.597150444984436
Q9Y6N6	A:TYR:26	0.0	0.0	0.4553775489330292
Q9Y6N6	A:SER:502	0.0	0.0	0.4692704975605011
Q9Y6N6	A:THR:296	0.0	1.0	0.6097267866134644
Q9Y6N6	A:THR:1497	0.0	1.0	0.6637321710586548
Q9Y6N6	A:THR:1008	0.0	1.0	0.5955662727355957
Q9Y6N6	A:SER:278	0.0	1.0	0.539056658744812
Q9Y6N6	A:SER:192	0.0	0.0	0.45803526043891907
Q9Y6N6	A:SER:1108	0.0	1.0	0.7181355953216553
Q9Y6N6	A:SER:215	0.0	1.0	0.558883786201477
Q9BYZ6	A:SER:388	1.0	1.0	0.812275767326355
Q9BYZ6	A:SER:390	1.0	1.0	0.7992621660232544
Q9BYZ6	A:THR:120	1.0	1.0	0.5086969137191772
Q9BYZ6	A:THR:376	1.0	1.0	0.7984139323234558
Q9BYZ6	A:THR:435	1.0	1.0	0.6016494631767273
Q9BYZ6	A:TYR:432	1.0	0.0	0.49956199526786804
Q9BYZ6	A:TYR:434	1.0	0.0	0.45032113790512085
Q9BYZ6	A:TYR:59	0.0	0.0	0.38708531856536865
Q9BYZ6	A:SER:536	0.0	1.0	0.5950511693954468
Q9BYZ6	A:TYR:690	0.0	1.0	0.6187168955802917
Q9BYZ6	A:SER:210	0.0	1.0	0.5654580593109131
Q9BYZ6	A:TYR:639	0.0	0.0	0.4199505150318146
Q9BYZ6	A:SER:114	0.0	1.0	0.5969098210334778
Q9BYZ6	A:THR:594	0.0	1.0	0.5248596668243408
Q9BYZ6	A:SER:288	0.0	1.0	0.5879560708999634
Q9BYZ6	A:SER:3	0.0	1.0	0.8260971903800964
Q9BYZ6	A:SER:566	0.0	1.0	0.6077445149421692
Q9BYZ6	A:THR:538	0.0	1.0	0.5192328095436096
Q9BYZ6	A:THR:546	0.0	0.0	0.4648149907588959
Q9BYZ6	A:SER:500	0.0	1.0	0.5099440217018127
Q9BYZ6	A:SER:251	0.0	1.0	0.7111759185791016
Q9BYZ6	A:SER:69	0.0	1.0	0.5351561903953552
Q9BYZ6	A:TYR:378	0.0	1.0	0.6600408554077148
Q9BYZ6	A:SER:395	0.0	1.0	0.7187623977661133
Q9BYZ6	A:THR:52	0.0	0.0	0.4950568675994873
P17035	A:SER:18	1.0	1.0	0.6636492609977722
P17035	A:SER:79	1.0	1.0	0.6110844612121582
P17035	A:SER:714	1.0	1.0	0.8324081301689148
P17035	A:THR:203	1.0	1.0	0.7328765988349915
P17035	A:THR:350	1.0	1.0	0.7665945887565613
P17035	A:THR:378	1.0	1.0	0.8060287237167358
P17035	A:THR:406	1.0	1.0	0.8011671900749207
P17035	A:THR:434	1.0	1.0	0.7952131628990173
P17035	A:THR:490	1.0	1.0	0.7893344163894653
P17035	A:THR:518	1.0	1.0	0.782243013381958
P17035	A:THR:534	1.0	1.0	0.6660979986190796
P17035	A:THR:574	1.0	1.0	0.7887588143348694
P17035	A:THR:602	1.0	1.0	0.8203192949295044
P17035	A:THR:630	1.0	1.0	0.8008848428726196
P17035	A:THR:686	1.0	1.0	0.801754355430603
P17035	A:TYR:321	1.0	1.0	0.5357633233070374
P17035	A:TYR:327	1.0	1.0	0.5124084949493408
P17035	A:SER:50	0.0	1.0	0.614173948764801
P17035	A:SER:227	0.0	1.0	0.6790058612823486
P17035	A:TYR:257	0.0	1.0	0.6452423930168152
P17035	A:TYR:341	0.0	1.0	0.6516827940940857
P17035	A:SER:424	0.0	1.0	0.7626960873603821
P17035	A:THR:186	0.0	0.0	0.4934479296207428
P17035	A:SER:143	0.0	1.0	0.6319971084594727
P17035	A:SER:173	0.0	1.0	0.6728550791740417
P17035	A:SER:175	0.0	1.0	0.6764434576034546
P17035	A:SER:214	0.0	1.0	0.5772605538368225
P17035	A:THR:236	0.0	1.0	0.5721854567527771
P17035	A:TYR:299	0.0	0.0	0.4726041257381439
P17035	A:THR:57	0.0	0.0	0.48428139090538025
P17035	A:SER:200	0.0	1.0	0.7362335324287415
P17035	A:THR:294	0.0	1.0	0.7538896203041077
P17035	A:THR:462	0.0	1.0	0.8162875771522522
P17035	A:SER:506	0.0	1.0	0.6962777376174927
Q8N7X2	A:SER:256	1.0	1.0	0.7803141474723816
Q8N7X2	A:THR:56	1.0	1.0	0.8054407835006714
Q8N7X2	A:SER:268	0.0	1.0	0.79764324426651
Q8N7X2	A:TYR:82	0.0	1.0	0.5109360218048096
Q8N7X2	A:THR:81	0.0	1.0	0.6112146973609924
Q8N7X2	A:SER:252	0.0	1.0	0.8239198327064514
Q8N7X2	A:THR:83	0.0	1.0	0.6800065040588379
Q8N7X2	A:THR:85	0.0	1.0	0.6819282174110413
Q8N7X2	A:TYR:125	0.0	1.0	0.5887460708618164
Q8N7X2	A:SER:126	0.0	1.0	0.7973071932792664
Q8N7X2	A:TYR:171	0.0	1.0	0.6035332083702087
Q8N7X2	A:SER:167	0.0	1.0	0.7078915238380432
Q8N7X2	A:SER:149	0.0	1.0	0.7893654704093933
Q8N7X2	A:SER:151	0.0	1.0	0.8068674802780151
Q8N7X2	A:THR:265	0.0	1.0	0.5933484435081482
Q8N7X2	A:SER:264	0.0	1.0	0.753055214881897
Q8N7X2	A:SER:175	0.0	1.0	0.6330249905586243
Q8N7X2	A:SER:245	0.0	1.0	0.6999468803405762
Q8N7X2	A:SER:119	0.0	1.0	0.6154769659042358
Q8N7X2	A:SER:261	0.0	1.0	0.7070544362068176
Q2T9L4	A:SER:240	1.0	1.0	0.7935689687728882
Q2T9L4	A:SER:272	1.0	1.0	0.688201904296875
Q2T9L4	A:SER:275	1.0	1.0	0.7412384748458862
Q2T9L4	A:THR:146	1.0	1.0	0.8656281232833862
Q2T9L4	A:THR:283	1.0	1.0	0.7041231989860535
Q2T9L4	A:THR:285	1.0	1.0	0.6672757863998413
Q2T9L4	A:SER:17	0.0	1.0	0.7938765287399292
Q2T9L4	A:SER:55	0.0	1.0	0.6674346327781677
Q2T9L4	A:SER:119	0.0	1.0	0.786076545715332
Q2T9L4	A:SER:122	0.0	1.0	0.8085983395576477
Q2T9L4	A:THR:120	0.0	1.0	0.8162055611610413
Q2T9L4	A:THR:102	0.0	1.0	0.5889522433280945
Q2T9L4	A:SER:80	0.0	1.0	0.7837293744087219
Q2T9L4	A:SER:13	0.0	1.0	0.8044707179069519
Q2T9L4	A:THR:278	0.0	1.0	0.627866268157959
Q2T9L4	A:SER:266	0.0	1.0	0.6692274808883667
Q2T9L4	A:SER:267	0.0	1.0	0.751485288143158
Q2T9L4	A:SER:109	0.0	1.0	0.7556490302085876
Q2T9L4	A:THR:77	0.0	1.0	0.7294642329216003
Q2T9L4	A:SER:189	0.0	1.0	0.6223883628845215
Q2T9L4	A:THR:179	0.0	1.0	0.8524969816207886
Q2T9L4	A:THR:182	0.0	1.0	0.7278682589530945
Q8IZJ0	A:THR:146	1.0	1.0	0.7440371513366699
Q8IZJ0	A:SER:195	0.0	1.0	0.6418735980987549
Q8IZJ0	A:SER:135	0.0	1.0	0.6939976215362549
Q8IZJ0	A:THR:23	0.0	1.0	0.594842255115509
Q8WV28	A:SER:129	1.0	1.0	0.8902745246887207
Q8WV28	A:SER:133	1.0	1.0	0.7657861709594727
Q8WV28	A:SER:141	1.0	1.0	0.8228309750556946
Q8WV28	A:SER:219	1.0	1.0	0.8933370113372803
Q8WV28	A:SER:229	1.0	1.0	0.8951815962791443
Q8WV28	A:SER:236	1.0	1.0	0.8955119848251343
Q8WV28	A:SER:243	1.0	1.0	0.8641169667243958
Q8WV28	A:SER:285	1.0	1.0	0.8527715802192688
Q8WV28	A:THR:135	1.0	1.0	0.8679582476615906
Q8WV28	A:THR:152	1.0	1.0	0.8656109571456909
Q8WV28	A:THR:193	1.0	1.0	0.5574308037757874
Q8WV28	A:THR:253	1.0	1.0	0.735927402973175
Q8WV28	A:THR:254	1.0	1.0	0.8238139152526855
Q8WV28	A:TYR:72	1.0	1.0	0.6121478080749512
Q8WV28	A:TYR:84	1.0	1.0	0.573799192905426
Q8WV28	A:TYR:96	1.0	1.0	0.6004855036735535
Q8WV28	A:TYR:178	1.0	1.0	0.5922650098800659
Q8WV28	A:TYR:189	1.0	1.0	0.6023474335670471
Q8WV28	A:SER:332	0.0	1.0	0.8630600571632385
Q8WV28	A:SER:54	0.0	1.0	0.7839922904968262
Q8WV28	A:TYR:52	0.0	1.0	0.5680468082427979
Q8WV28	A:SER:65	0.0	1.0	0.735927402973175
Q8WV28	A:SER:70	0.0	1.0	0.6882715225219727
Q8WV28	A:SER:95	0.0	1.0	0.6484547853469849
Q8WV28	A:TYR:418	0.0	1.0	0.5112399458885193
Q8WV28	A:SER:379	0.0	1.0	0.6371784210205078
Q8WV28	A:THR:404	0.0	1.0	0.5932921171188354
Q8WV28	A:TYR:383	0.0	1.0	0.5313223600387573
Q8WV28	A:SER:79	0.0	1.0	0.7308396100997925
Q8WV28	A:SER:432	0.0	1.0	0.5481112599372864
Q9NS93	A:SER:227	1.0	1.0	0.6387580633163452
Q9NS93	A:SER:535	1.0	1.0	0.790023684501648
Q9NS93	A:THR:566	1.0	1.0	0.7987382411956787
Q9NS93	A:TYR:536	1.0	1.0	0.6912493705749512
Q9NS93	A:TYR:546	1.0	1.0	0.6584433913230896
Q9NS93	A:TYR:517	0.0	1.0	0.532251238822937
Q9NS93	A:SER:293	0.0	0.0	0.4863029420375824
Q9NS93	A:SER:373	0.0	1.0	0.6410367488861084
Q9NS93	A:SER:356	0.0	1.0	0.5542156100273132
Q9NS93	A:THR:434	0.0	1.0	0.6302525997161865
Q9NS93	A:SER:28	0.0	1.0	0.7485870122909546
Q9NS93	A:SER:115	0.0	1.0	0.6593384742736816
Q9NS93	A:SER:130	0.0	1.0	0.5603036880493164
Q9NS93	A:SER:14	0.0	1.0	0.7764509320259094
Q9NS93	A:SER:86	0.0	1.0	0.7257372140884399
Q9NS93	A:SER:278	0.0	1.0	0.5922765135765076
Q9NS93	A:TYR:42	0.0	1.0	0.5102463960647583
Q9NS93	A:THR:109	0.0	1.0	0.571442186832428
Q9NS93	A:TYR:199	0.0	0.0	0.45735135674476624
Q9NS93	A:TYR:194	0.0	1.0	0.5687565803527832
Q9NS93	A:TYR:73	0.0	1.0	0.5848989486694336
Q9NS93	A:THR:240	0.0	1.0	0.5906798243522644
O95954	A:SER:316	1.0	1.0	0.6515797972679138
O95954	A:SER:358	1.0	1.0	0.6926640272140503
O95954	A:SER:386	1.0	1.0	0.7112643122673035
O95954	A:SER:402	1.0	1.0	0.6087252497673035
O95954	A:SER:449	1.0	1.0	0.63321453332901
Q9BSE5	A:GLY:8	1.0	1.0	0.7186602354049683
O95954	A:TYR:124	1.0	1.0	0.5074029564857483
O95954	A:TYR:146	1.0	1.0	0.6337973475456238
O95954	A:TYR:225	1.0	1.0	0.5195276737213135
O95954	A:TYR:250	1.0	0.0	0.4753749370574951
O95954	A:TYR:324	1.0	1.0	0.5364686846733093
O95954	A:THR:407	0.0	1.0	0.5989320278167725
O95954	A:TYR:285	0.0	0.0	0.4314502477645874
O95954	A:THR:453	0.0	1.0	0.6713093519210815
O95954	A:THR:253	0.0	0.0	0.49496573209762573
O95954	A:SER:460	0.0	1.0	0.7197586297988892
O95954	A:THR:236	0.0	1.0	0.5436240434646606
O95954	A:SER:235	0.0	1.0	0.5499030351638794
O95954	A:THR:50	0.0	0.0	0.4822790324687958
O95954	A:THR:174	0.0	1.0	0.5408377647399902
O95954	A:SER:166	0.0	1.0	0.6487348079681396
O95954	A:SER:12	0.0	1.0	0.6413675546646118
Q9BSE5	A:SER:46	1.0	1.0	0.6735391616821289
Q9BSE5	A:SER:118	0.0	1.0	0.545470118522644
Q9BSE5	A:TYR:236	0.0	1.0	0.5043138265609741
Q9BSE5	A:SER:7	0.0	1.0	0.7970468997955322
Q9BSE5	A:SER:37	0.0	1.0	0.8175909519195557
Q9BSE5	A:SER:322	0.0	1.0	0.6232576966285706
Q9BSE5	A:SER:254	0.0	1.0	0.5684610605239868
Q9BSE5	A:SER:110	0.0	1.0	0.5585359334945679
Q9BSE5	A:THR:111	0.0	1.0	0.5591400861740112
Q9BSE5	A:THR:351	0.0	1.0	0.513150155544281
Q9BSE5	A:TYR:272	0.0	1.0	0.6123718023300171
Q9BSE5	A:TYR:200	0.0	1.0	0.5253270864486694
Q9BSE5	A:THR:163	0.0	1.0	0.5344854593276978
Q12873	A:SER:43	1.0	1.0	0.778745710849762
Q12873	A:ARG:66	1.0	1.0	0.6699967384338379
Q12873	A:SER:73	1.0	1.0	0.7997864484786987
Q12873	A:SER:79	1.0	1.0	0.8033583760261536
Q12873	A:SER:88	1.0	1.0	0.7985334396362305
Q12873	A:SER:90	1.0	1.0	0.7845470309257507
Q12873	A:SER:93	1.0	1.0	0.824487566947937
Q12873	A:SER:183	1.0	1.0	0.5454526543617249
Q12873	A:SER:272	1.0	1.0	0.8591640591621399
Q12873	A:SER:274	1.0	1.0	0.8660416007041931
Q12873	A:SER:313	1.0	1.0	0.7542126774787903
Q12873	A:SER:324	1.0	1.0	0.7319058179855347
Q12873	A:SER:328	1.0	1.0	0.7757839560508728
Q12873	A:SER:333	1.0	1.0	0.8187487125396729
Q12873	A:SER:335	1.0	1.0	0.8457352519035339
Q12873	A:SER:597	1.0	1.0	0.8081058263778687
Q12873	A:SER:640	1.0	1.0	0.5120128989219666
Q12873	A:SER:712	1.0	1.0	0.7268546223640442
Q12873	A:SER:713	1.0	1.0	0.8359178900718689
Q12873	A:SER:777	1.0	1.0	0.5428538918495178
Q12873	A:SER:874	1.0	1.0	0.5925669074058533
Q12873	A:SER:989	1.0	1.0	0.6790161728858948
Q12873	A:SER:1083	1.0	1.0	0.6413840055465698
Q12873	A:SER:1284	1.0	1.0	0.5645346641540527
Q12873	A:SER:1285	1.0	0.0	0.48569831252098083
Q12873	A:SER:1361	1.0	1.0	0.7669269442558289
Q12873	A:SER:1364	1.0	1.0	0.7638495564460754
Q12873	A:SER:1367	1.0	1.0	0.7770202159881592
Q12873	A:SER:1532	1.0	1.0	0.7902593612670898
Q12873	A:SER:1533	1.0	1.0	0.8753775954246521
Q12873	A:SER:1545	1.0	1.0	0.8747769594192505
Q12873	A:SER:1549	1.0	1.0	0.8782019019126892
Q12873	A:SER:1553	1.0	1.0	0.8548794388771057
Q12873	A:SER:1561	1.0	1.0	0.8635412454605103
Q12873	A:SER:1601	1.0	1.0	0.8729825615882874
Q12873	A:SER:1605	1.0	1.0	0.8358842134475708
Q12873	A:SER:1641	1.0	1.0	0.8540769219398499
Q12873	A:SER:1645	1.0	1.0	0.8469639420509338
Q12873	A:SER:1819	1.0	1.0	0.7397864460945129
Q12873	A:SER:1850	1.0	1.0	0.6261101365089417
Q12873	A:SER:1873	1.0	1.0	0.5905100703239441
Q12873	A:SER:1899	1.0	1.0	0.6608099341392517
Q12873	A:THR:376	1.0	0.0	0.43354377150535583
Q12873	A:THR:715	1.0	1.0	0.6097716689109802
Q12873	A:THR:724	1.0	1.0	0.5734157562255859
Q12873	A:THR:866	1.0	0.0	0.43402591347694397
Q12873	A:THR:1001	1.0	0.0	0.45595046877861023
Q12873	A:THR:1274	1.0	0.0	0.47248414158821106
Q12873	A:THR:1535	1.0	1.0	0.7114295363426208
Q12873	A:THR:1537	1.0	1.0	0.7193381786346436
Q12873	A:THR:1540	1.0	1.0	0.6829978227615356
Q12873	A:THR:1541	1.0	1.0	0.852872371673584
Q12873	A:THR:1547	1.0	1.0	0.7262464761734009
Q12873	A:THR:1552	1.0	1.0	0.7659252882003784
Q12873	A:THR:1557	1.0	1.0	0.8828731775283813
Q12873	A:THR:1569	1.0	1.0	0.8576430082321167
Q12873	A:THR:1595	1.0	1.0	0.6944108009338379
Q12873	A:THR:1646	1.0	1.0	0.844943642616272
Q12873	A:THR:1880	1.0	1.0	0.5148884654045105
Q12873	A:TYR:95	1.0	1.0	0.5432576537132263
Q12873	A:TYR:595	1.0	1.0	0.5203717350959778
Q12873	A:TYR:739	1.0	1.0	0.5600112080574036
Q12873	A:TYR:998	1.0	0.0	0.39887893199920654
Q12873	A:TYR:1282	1.0	0.0	0.47281116247177124
Q12873	A:TYR:1317	1.0	1.0	0.5195966362953186
Q12873	A:THR:158	0.0	1.0	0.5303334593772888
Q12873	A:TYR:614	0.0	0.0	0.463123619556427
Q12873	A:THR:1195	0.0	1.0	0.5301076769828796
Q12873	A:THR:1136	0.0	1.0	0.5975711941719055
Q12873	A:SER:166	0.0	1.0	0.5565004944801331
Q12873	A:TYR:996	0.0	1.0	0.5917177200317383
Q12873	A:TYR:776	0.0	0.0	0.3747871518135071
Q12873	A:SER:230	0.0	1.0	0.7986159920692444
Q12873	A:THR:260	0.0	1.0	0.7403308749198914
Q12873	A:THR:232	0.0	1.0	0.8154394030570984
Q12873	A:TYR:1291	0.0	0.0	0.4471035599708557
Q12873	A:SER:1384	0.0	1.0	0.7661759257316589
Q12873	A:SER:1219	0.0	1.0	0.6639034152030945
Q12873	A:SER:1017	0.0	1.0	0.6582197546958923
Q12873	A:SER:1009	0.0	1.0	0.618640124797821
Q12873	A:TYR:1255	0.0	0.0	0.41411837935447693
Q12873	A:THR:1448	0.0	1.0	0.5508065819740295
Q12873	A:SER:419	0.0	0.0	0.4290945529937744
Q12873	A:THR:160	0.0	1.0	0.529166042804718
Q12873	A:THR:913	0.0	1.0	0.6423255801200867
Q12873	A:THR:735	0.0	1.0	0.5054044723510742
Q12873	A:THR:911	0.0	1.0	0.6011880040168762
Q12873	A:SER:1156	0.0	1.0	0.6545916795730591
Q12873	A:TYR:812	0.0	0.0	0.3881012499332428
Q12873	A:SER:229	0.0	1.0	0.7832449078559875
Q12873	A:SER:1887	0.0	1.0	0.661048948764801
Q12873	A:SER:563	0.0	1.0	0.5091887712478638
Q12873	A:THR:1150	0.0	1.0	0.5493972301483154
Q12873	A:THR:815	0.0	0.0	0.46848049759864807
Q12873	A:THR:1912	0.0	1.0	0.7106324434280396
Q12873	A:SER:1215	0.0	1.0	0.7031522989273071
Q12873	A:SER:893	0.0	1.0	0.5806915163993835
Q12873	A:TYR:622	0.0	0.0	0.3319629430770874
Q12873	A:TYR:559	0.0	0.0	0.34774038195610046
Q9UK45	A:SER:11	1.0	1.0	0.6293722987174988
Q9UK45	A:SER:34	1.0	1.0	0.5549019575119019
Q9UK45	A:THR:22	1.0	1.0	0.5154334306716919
Q9UK45	A:TYR:62	1.0	1.0	0.5166668891906738
Q9UK45	A:SER:80	0.0	1.0	0.5191936492919922
O96018	A:SER:7	1.0	1.0	0.7646904587745667
O96018	A:SER:9	1.0	1.0	0.844097912311554
O96018	A:SER:11	1.0	1.0	0.8273200392723083
O96018	A:SER:28	1.0	1.0	0.7565638422966003
O96018	A:SER:46	1.0	1.0	0.8457890748977661
O96018	A:SER:233	1.0	1.0	0.5799615383148193
O96018	A:THR:5	1.0	1.0	0.620795488357544
O96018	A:THR:229	1.0	0.0	0.41147610545158386
O96018	A:TYR:225	1.0	0.0	0.4337809085845947
O96018	A:SER:56	0.0	1.0	0.714814305305481
O96018	A:SER:365	0.0	1.0	0.7490606904029846
O96018	A:TYR:563	0.0	0.0	0.4132557809352875
O96018	A:SER:104	0.0	1.0	0.7682756185531616
O96018	A:SER:199	0.0	1.0	0.7223837971687317
O96018	A:THR:196	0.0	1.0	0.7507213950157166
O96018	A:SER:416	0.0	1.0	0.5966339111328125
O96018	A:SER:412	0.0	1.0	0.5528552532196045
O96018	A:SER:55	0.0	1.0	0.7435105443000793
O96018	A:THR:87	0.0	1.0	0.6878927946090698
O96018	A:TYR:200	0.0	1.0	0.5842115879058838
O96018	A:THR:485	0.0	1.0	0.5670801997184753
O96018	A:SER:476	0.0	1.0	0.5587879419326782
O96018	A:THR:471	0.0	1.0	0.53728848695755
O96018	A:THR:272	0.0	0.0	0.4776202142238617
A5PKW4	A:SER:38	1.0	1.0	0.8112977743148804
A5PKW4	A:SER:126	1.0	1.0	0.8061825633049011
A5PKW4	A:SER:720	1.0	1.0	0.7691143155097961
A5PKW4	A:SER:1019	1.0	1.0	0.8835311532020569
A5PKW4	A:THR:622	1.0	0.0	0.48430901765823364
A5PKW4	A:THR:825	1.0	1.0	0.525641918182373
A5PKW4	A:TYR:700	1.0	0.0	0.47159281373023987
A5PKW4	A:TYR:796	1.0	1.0	0.535709798336029
A5PKW4	A:SER:412	0.0	1.0	0.6615278124809265
A5PKW4	A:THR:652	0.0	1.0	0.6127204895019531
A5PKW4	A:SER:701	0.0	1.0	0.6260845065116882
A5PKW4	A:SER:633	0.0	1.0	0.5846699476242065
A5PKW4	A:SER:251	0.0	1.0	0.781291663646698
A5PKW4	A:SER:425	0.0	1.0	0.8070524334907532
A5PKW4	A:THR:290	0.0	1.0	0.5922372937202454
A5PKW4	A:SER:743	0.0	1.0	0.7406510710716248
A5PKW4	A:SER:252	0.0	1.0	0.8040274381637573
A5PKW4	A:SER:246	0.0	0.0	0.49019309878349304
A5PKW4	A:SER:990	0.0	1.0	0.7684324383735657
A5PKW4	A:SER:535	0.0	1.0	0.8493488430976868
A5PKW4	A:SER:882	0.0	1.0	0.6354756951332092
A5PKW4	A:SER:501	0.0	1.0	0.8529171943664551
A5PKW4	A:THR:546	0.0	1.0	0.81910240650177
A5PKW4	A:SER:229	0.0	1.0	0.7318455576896667
A5PKW4	A:THR:750	0.0	1.0	0.6298825144767761
A5PKW4	A:SER:646	0.0	1.0	0.5784299373626709
A5PKW4	A:SER:982	0.0	1.0	0.8547680377960205
A5PKW4	A:SER:223	0.0	1.0	0.7699797749519348
A5PKW4	A:TYR:296	0.0	0.0	0.4019654393196106
A5PKW4	A:SER:809	0.0	1.0	0.6448225378990173
A5PKW4	A:SER:872	0.0	0.0	0.4461567997932434
A5PKW4	A:SER:741	0.0	1.0	0.803124725818634
A5PKW4	A:THR:983	0.0	1.0	0.7230263352394104
Q5EBL2	A:SER:340	1.0	1.0	0.8843526244163513
Q5EBL2	A:SER:533	1.0	1.0	0.7548409700393677
Q5EBL2	A:THR:171	1.0	1.0	0.7208523154258728
Q5EBL2	A:THR:199	1.0	1.0	0.730150043964386
Q5EBL2	A:THR:561	1.0	1.0	0.7234493494033813
Q5EBL2	A:THR:589	1.0	1.0	0.7408117055892944
Q5EBL2	A:THR:57	0.0	1.0	0.5500929355621338
Q5EBL2	A:SER:217	0.0	1.0	0.7280734181404114
Q5EBL2	A:TYR:135	0.0	1.0	0.5025961399078369
Q5EBL2	A:SER:400	0.0	1.0	0.6070019602775574
Q5EBL2	A:SER:188	0.0	1.0	0.5107104778289795
Q5EBL2	A:SER:372	0.0	1.0	0.6128094792366028
Q5EBL2	A:TYR:81	0.0	0.0	0.48766180872917175
Q5EBL2	A:SER:894	0.0	1.0	0.7644471526145935
Q5EBL2	A:THR:1058	0.0	1.0	0.6699562668800354
Q5EBL2	A:SER:979	0.0	1.0	0.7129191160202026
Q5EBL2	A:THR:653	0.0	1.0	0.7876684069633484
Q5EBL2	A:SER:709	0.0	1.0	0.776567816734314
Q5EBL2	A:SER:449	0.0	1.0	0.8219961524009705
Q5EBL2	A:THR:290	0.0	1.0	0.6152606010437012
Q5EBL2	A:SER:390	0.0	1.0	0.5914724469184875
Q5EBL2	A:THR:643	0.0	1.0	0.6176612377166748
Q5EBL2	A:THR:956	0.0	1.0	0.6708955764770508
Q5EBL2	A:THR:732	0.0	1.0	0.8598493933677673
Q5EBL2	A:THR:711	0.0	1.0	0.5696837306022644
Q5EBL2	A:THR:926	0.0	1.0	0.5662335157394409
Q5EBL2	A:THR:511	0.0	0.0	0.43717479705810547
Q5EBL2	A:TYR:36	0.0	0.0	0.36834263801574707
Q5EBL2	A:THR:212	0.0	1.0	0.6335374712944031
Q5EBL2	A:TYR:176	0.0	0.0	0.4591178297996521
Q5EBL2	A:SER:364	0.0	1.0	0.5508300065994263
Q5EBL2	A:SER:574	0.0	1.0	0.5472354888916016
Q5EBL2	A:SER:726	0.0	1.0	0.598414957523346
Q5EBL2	A:THR:505	0.0	1.0	0.5970678329467773
Q5EBL2	A:SER:306	0.0	1.0	0.674453616142273
Q5EBL2	A:THR:367	0.0	1.0	0.686008632183075
P04920	A:SER:56	1.0	1.0	0.811193585395813
P04920	A:SER:65	1.0	1.0	0.7766276001930237
P04920	A:SER:113	1.0	1.0	0.8920171856880188
P04920	A:SER:132	1.0	1.0	0.8231261968612671
P04920	A:SER:144	1.0	1.0	0.8671936392784119
P04920	A:SER:150	1.0	1.0	0.7495362162590027
P04920	A:SER:151	1.0	1.0	0.7917250394821167
P04920	A:SER:170	1.0	1.0	0.8702283501625061
P04920	A:SER:172	1.0	1.0	0.7930527329444885
P04920	A:SER:173	1.0	1.0	0.8762077689170837
P04920	A:SER:232	1.0	1.0	0.8337090015411377
P04920	A:SER:243	1.0	1.0	0.8755913972854614
P04920	A:SER:443	1.0	1.0	0.8593103289604187
P04920	A:SER:446	1.0	1.0	0.8565994501113892
P04920	A:SER:449	1.0	1.0	0.8390883803367615
P04920	A:SER:461	1.0	1.0	0.8224891424179077
P04920	A:SER:500	1.0	1.0	0.8355422616004944
P04920	A:THR:27	1.0	1.0	0.8519076108932495
P04920	A:THR:115	1.0	1.0	0.7347930669784546
P04920	A:THR:118	1.0	1.0	0.7395908236503601
P04920	A:THR:148	1.0	1.0	0.7928147315979004
P04920	A:THR:169	1.0	1.0	0.6944743990898132
P04920	A:THR:183	1.0	1.0	0.8461006879806519
P04920	A:THR:245	1.0	1.0	0.7002823352813721
P04920	A:THR:257	1.0	1.0	0.6358076333999634
P04920	A:THR:264	1.0	1.0	0.6060231924057007
P04920	A:THR:309	1.0	1.0	0.8200262784957886
P04920	A:TYR:66	1.0	1.0	0.5137525796890259
P04920	A:TYR:73	1.0	0.0	0.46106383204460144
P04920	A:TYR:233	1.0	1.0	0.5186079740524292
P04920	A:TYR:1154	1.0	1.0	0.5220707654953003
P04920	A:TYR:1234	1.0	1.0	0.6021263003349304
P04920	A:THR:1205	0.0	1.0	0.5524794459342957
P04920	A:THR:1063	0.0	1.0	0.5966098308563232
P04920	A:TYR:841	0.0	0.0	0.36331337690353394
P04920	A:THR:1016	0.0	0.0	0.4706260561943054
P04920	A:TYR:716	0.0	0.0	0.47523367404937744
P04920	A:TYR:569	0.0	0.0	0.49549901485443115
P04920	A:TYR:952	0.0	0.0	0.40455612540245056
P04920	A:THR:1015	0.0	0.0	0.4839334487915039
P04920	A:TYR:1136	0.0	1.0	0.5196670889854431
P04920	A:SER:904	0.0	1.0	0.6209979057312012
P04920	A:THR:911	0.0	1.0	0.5035627484321594
P04920	A:SER:889	0.0	1.0	0.7664436101913452
P04920	A:SER:861	0.0	1.0	0.7556078433990479
P04920	A:SER:498	0.0	1.0	0.7869752645492554
P04920	A:SER:858	0.0	1.0	0.7000536322593689
P04920	A:SER:856	0.0	1.0	0.6695085763931274
P04920	A:SER:1072	0.0	1.0	0.6407000422477722
P04920	A:SER:963	0.0	1.0	0.5545252561569214
P04920	A:SER:609	0.0	0.0	0.4938122034072876
P04920	A:THR:678	0.0	0.0	0.4907529950141907
P04920	A:TYR:958	0.0	0.0	0.4644469618797302
P04920	A:SER:437	0.0	1.0	0.7903756499290466
P04920	A:SER:966	0.0	1.0	0.5914947390556335
P04920	A:THR:957	0.0	0.0	0.43821316957473755
Q6NUK1	A:SER:208	1.0	1.0	0.5794583559036255
Q6NUK1	A:SER:229	1.0	1.0	0.6955119371414185
Q6NUK1	A:SER:370	1.0	1.0	0.5387639403343201
Q6NUK1	A:SER:422	1.0	1.0	0.7404085397720337
Q6NUK1	A:SER:461	1.0	1.0	0.5356163382530212
Q6NUK1	A:THR:185	1.0	1.0	0.5644811987876892
Q6NUK1	A:THR:448	1.0	1.0	0.6228004693984985
Q6NUK1	A:TYR:328	1.0	1.0	0.5483876466751099
Q6NUK1	A:TYR:357	1.0	1.0	0.5570804476737976
Q6NUK1	A:TYR:371	1.0	0.0	0.4651712477207184
Q6NUK1	A:TYR:462	1.0	1.0	0.5285705327987671
Q6NUK1	A:TYR:150	0.0	0.0	0.40920984745025635
Q6NUK1	A:SER:211	0.0	1.0	0.6055445671081543
Q6NUK1	A:THR:411	0.0	1.0	0.6058812141418457
Q6NUK1	A:THR:12	0.0	1.0	0.6844418048858643
Q6NUK1	A:THR:179	0.0	1.0	0.5688412189483643
Q6NUK1	A:THR:22	0.0	1.0	0.5831437706947327
Q6NUK1	A:THR:139	0.0	1.0	0.6035729646682739
Q6NUK1	A:THR:141	0.0	1.0	0.5679896473884583
Q6NUK1	A:SER:227	0.0	1.0	0.6791581511497498
Q6NUK1	A:TYR:344	0.0	1.0	0.5154361724853516
A6NGA9	A:SER:245	1.0	1.0	0.9041456580162048
A6NGA9	A:TYR:25	1.0	1.0	0.7135350704193115
A6NGA9	A:THR:181	0.0	0.0	0.4643748104572296
A6NGA9	A:TYR:214	0.0	1.0	0.5313284993171692
A6NGA9	A:SER:210	0.0	1.0	0.5419871211051941
A6NGA9	A:SER:156	0.0	1.0	0.6235613226890564
A6NGA9	A:THR:231	0.0	1.0	0.8376811146736145
A6NGA9	A:THR:243	0.0	1.0	0.8122531771659851
A6NGA9	A:THR:242	0.0	1.0	0.7698403000831604
A6NGA9	A:THR:10	0.0	1.0	0.6970489621162415
A6NGA9	A:THR:29	0.0	1.0	0.8136062026023865
A6NGA9	A:SER:13	0.0	1.0	0.8703283667564392
A6NGA9	A:SER:41	0.0	1.0	0.8405166864395142
A6NGA9	A:SER:37	0.0	1.0	0.8609894514083862
A6NGA9	A:SER:106	0.0	1.0	0.5853230953216553
O75161	A:SER:142	1.0	1.0	0.7378818988800049
O75161	A:SER:319	1.0	1.0	0.8861234188079834
O75161	A:SER:321	1.0	1.0	0.7994667291641235
O75161	A:SER:331	1.0	1.0	0.7566837072372437
O75161	A:SER:451	1.0	1.0	0.7126820087432861
O75161	A:SER:478	1.0	1.0	0.9195127487182617
O75161	A:SER:480	1.0	1.0	0.8593785762786865
O75161	A:SER:481	1.0	1.0	0.9179762005805969
O75161	A:SER:496	1.0	1.0	0.9238478541374207
O75161	A:SER:510	1.0	1.0	0.9223358631134033
O75161	A:SER:513	1.0	1.0	0.911536693572998
O75161	A:SER:847	1.0	1.0	0.8871460556983948
O75161	A:SER:943	1.0	1.0	0.8461952805519104
O75161	A:SER:1203	1.0	1.0	0.5582504868507385
O75161	A:SER:1215	1.0	1.0	0.5960741639137268
O75161	A:SER:1358	1.0	1.0	0.7053168416023254
O75161	A:SER:1378	1.0	1.0	0.5846185088157654
O75161	A:THR:315	1.0	1.0	0.6442733407020569
O75161	A:THR:477	1.0	1.0	0.8179498314857483
O75161	A:TYR:1352	1.0	0.0	0.4619464874267578
O75161	A:THR:936	0.0	1.0	0.7871980667114258
O75161	A:SER:937	0.0	1.0	0.855298638343811
O75161	A:THR:911	0.0	1.0	0.7787203788757324
O75161	A:SER:969	0.0	1.0	0.697671115398407
O75161	A:SER:440	0.0	1.0	0.6145060062408447
O75161	A:THR:946	0.0	1.0	0.7083612084388733
O75161	A:SER:563	0.0	1.0	0.8888595700263977
O75161	A:SER:840	0.0	1.0	0.8451667428016663
O75161	A:THR:556	0.0	1.0	0.657529354095459
O75161	A:SER:328	0.0	1.0	0.7890101671218872
O75161	A:THR:841	0.0	1.0	0.8538800477981567
O75161	A:THR:378	0.0	1.0	0.7064387202262878
O75161	A:THR:574	0.0	1.0	0.8618010878562927
O75161	A:THR:330	0.0	1.0	0.6918261051177979
O75161	A:SER:381	0.0	1.0	0.69768887758255
O75161	A:SER:1097	0.0	1.0	0.7620401382446289
O75161	A:SER:1096	0.0	1.0	0.7655863165855408
O75161	A:THR:1155	0.0	1.0	0.6348099112510681
O75161	A:SER:432	0.0	1.0	0.713227391242981
O75161	A:THR:82	0.0	1.0	0.558150053024292
O75161	A:SER:122	0.0	1.0	0.5654491186141968
O75161	A:SER:1396	0.0	1.0	0.6196032762527466
O75161	A:SER:1200	0.0	1.0	0.5750465989112854
O75161	A:THR:178	0.0	1.0	0.5711237192153931
O75161	A:SER:554	0.0	1.0	0.8966032266616821
O75161	A:SER:845	0.0	1.0	0.8775764107704163
O75161	A:SER:696	0.0	1.0	0.749159038066864
O75161	A:SER:224	0.0	1.0	0.8139851689338684
O75161	A:SER:1111	0.0	1.0	0.6000633835792542
O75161	A:SER:695	0.0	1.0	0.7531342506408691
O75161	A:THR:1353	0.0	1.0	0.5369287729263306
O75161	A:THR:1273	0.0	1.0	0.5645146369934082
O75161	A:SER:588	0.0	1.0	0.8797077536582947
O75161	A:SER:589	0.0	1.0	0.8900389075279236
O75161	A:SER:402	0.0	1.0	0.7150824069976807
O75161	A:TYR:249	0.0	0.0	0.4580330550670624
O75161	A:SER:1175	0.0	1.0	0.6226317286491394
Q9NZN8	A:SER:35	1.0	1.0	0.7498371601104736
Q9NZN8	A:SER:45	1.0	1.0	0.7762265801429749
Q9NZN8	A:SER:47	1.0	1.0	0.7226282358169556
Q9NZN8	A:SER:48	1.0	1.0	0.7419397830963135
Q9NZN8	A:SER:61	1.0	1.0	0.8671892881393433
Q9NZN8	A:SER:65	1.0	1.0	0.7994076609611511
Q9NZN8	A:SER:69	1.0	1.0	0.7618244886398315
Q9NZN8	A:SER:90	1.0	1.0	0.7497164011001587
Q9NZN8	A:SER:99	1.0	1.0	0.7772611379623413
Q9NZN8	A:SER:101	1.0	1.0	0.8382498621940613
Q9NZN8	A:SER:108	1.0	1.0	0.7576141357421875
Q9NZN8	A:SER:120	1.0	1.0	0.7652981877326965
Q9NZN8	A:SER:126	1.0	1.0	0.8836471438407898
Q9NZN8	A:SER:128	1.0	1.0	0.7661815881729126
Q9NZN8	A:SER:143	1.0	1.0	0.8058915138244629
Q9NZN8	A:SER:157	1.0	1.0	0.8536122441291809
Q9NZN8	A:SER:159	1.0	1.0	0.7952502965927124
Q9NZN8	A:SER:160	1.0	1.0	0.8112961053848267
Q9NZN8	A:SER:161	1.0	1.0	0.8327834010124207
Q9NZN8	A:SER:165	1.0	1.0	0.8731309175491333
Q9NZN8	A:SER:169	1.0	1.0	0.7779576778411865
Q9NZN8	A:SER:170	1.0	1.0	0.868462085723877
Q9NZN8	A:SER:242	1.0	1.0	0.8367411494255066
Q9NZN8	A:SER:274	1.0	1.0	0.5876895785331726
Q9NZN8	A:SER:293	1.0	1.0	0.7785463333129883
Q9NZN8	A:SER:294	1.0	1.0	0.7869482636451721
Q9NZN8	A:SER:305	1.0	1.0	0.8295047283172607
Q9NZN8	A:SER:391	1.0	1.0	0.6112704873085022
Q9NZN8	A:THR:93	1.0	1.0	0.7919883131980896
Q9NZN8	A:THR:104	1.0	1.0	0.7084593176841736
Q9NZN8	A:THR:111	1.0	1.0	0.8161389231681824
Q9NZN8	A:THR:113	1.0	1.0	0.6854556798934937
Q9NZN8	A:THR:114	1.0	1.0	0.7258303761482239
Q9NZN8	A:THR:118	1.0	1.0	0.6671477556228638
Q9NZN8	A:THR:123	1.0	1.0	0.7849653959274292
Q9NZN8	A:THR:155	1.0	1.0	0.6482775807380676
Q9NZN8	A:THR:246	1.0	1.0	0.7511827945709229
Q9NZN8	A:THR:304	1.0	1.0	0.7389740943908691
Q9NZN8	A:THR:308	1.0	1.0	0.7188453078269958
Q9NZN8	A:THR:480	1.0	1.0	0.5550524592399597
Q9NZN8	A:TYR:37	1.0	1.0	0.5440201759338379
Q9NZN8	A:TYR:43	1.0	0.0	0.4244547486305237
Q9NZN8	A:TYR:44	1.0	0.0	0.46160051226615906
Q9NZN8	A:TYR:258	1.0	1.0	0.5016421675682068
Q9NZN8	A:TYR:396	1.0	0.0	0.46520116925239563
Q9NZN8	A:TYR:471	1.0	0.0	0.4619652032852173
Q9NZN8	A:TYR:494	1.0	1.0	0.5493831634521484
Q9NZN8	A:TYR:500	1.0	1.0	0.5528600215911865
Q9NZN8	A:THR:362	0.0	1.0	0.5593977570533752
Q9NZN8	A:TYR:446	0.0	0.0	0.43753111362457275
Q9NZN8	A:THR:216	0.0	1.0	0.6308083534240723
Q9NZN8	A:THR:263	0.0	1.0	0.5967645645141602
Q9NZN8	A:TYR:288	0.0	0.0	0.4720276892185211
Q9NZN8	A:THR:292	0.0	1.0	0.6721879243850708
Q9NZN8	A:THR:324	0.0	1.0	0.7692222595214844
Q9NZN8	A:THR:530	0.0	1.0	0.6239050626754761
Q9NZN8	A:SER:529	0.0	1.0	0.6998528242111206
Q9NZN8	A:THR:369	0.0	0.0	0.4365471601486206
Q9NZN8	A:THR:493	0.0	1.0	0.5465322136878967
Q9NZN8	A:TYR:518	0.0	1.0	0.5429111123085022
Q12965	A:SER:197	1.0	1.0	0.5582390427589417
Q12965	A:SER:370	1.0	1.0	0.5617062449455261
Q12965	A:SER:736	1.0	1.0	0.7869817018508911
Q12965	A:SER:890	1.0	1.0	0.8212251663208008
Q12965	A:SER:919	1.0	1.0	0.6583635807037354
Q12965	A:SER:928	1.0	1.0	0.8249040842056274
Q12965	A:SER:943	1.0	1.0	0.8797623515129089
Q12965	A:SER:980	1.0	1.0	0.9088830351829529
Q12965	A:SER:983	1.0	1.0	0.8655118346214294
Q12965	A:SER:987	1.0	1.0	0.8685952425003052
Q12965	A:SER:991	1.0	1.0	0.8664209842681885
Q12965	A:SER:1002	1.0	1.0	0.9054057002067566
Q12965	A:SER:1004	1.0	1.0	0.8853656053543091
Q12965	A:SER:1005	1.0	1.0	0.8837289810180664
Q12965	A:THR:137	1.0	1.0	0.6042272448539734
Q12965	A:THR:560	1.0	1.0	0.5171142220497131
Q12965	A:THR:876	1.0	1.0	0.6471768617630005
Q12965	A:THR:935	1.0	1.0	0.8669645190238953
Q12965	A:THR:936	1.0	1.0	0.8058366179466248
Q12965	A:THR:939	1.0	1.0	0.8187369108200073
Q12965	A:THR:990	1.0	1.0	0.780593991279602
Q12965	A:THR:1003	1.0	1.0	0.7866962552070618
Q12965	A:THR:1011	1.0	1.0	0.8713001012802124
Q12965	A:TYR:7	1.0	1.0	0.5746772289276123
Q12965	A:TYR:9	1.0	0.0	0.4963100850582123
Q12965	A:TYR:47	1.0	1.0	0.5336233973503113
Q12965	A:TYR:51	1.0	1.0	0.5589338541030884
Q12965	A:TYR:67	1.0	0.0	0.4203338623046875
Q12965	A:TYR:440	1.0	0.0	0.399287611246109
Q12965	A:TYR:609	1.0	1.0	0.5738164186477661
Q12965	A:TYR:623	1.0	0.0	0.47541946172714233
Q12965	A:TYR:625	1.0	0.0	0.4396721124649048
Q12965	A:TYR:698	1.0	1.0	0.5389382839202881
Q12965	A:TYR:715	1.0	1.0	0.5028349161148071
Q12965	A:TYR:941	1.0	1.0	0.718925952911377
Q12965	A:TYR:950	1.0	1.0	0.734653651714325
Q12965	A:TYR:961	1.0	1.0	0.7260785102844238
Q12965	A:TYR:971	1.0	1.0	0.6637588143348694
Q12965	A:TYR:974	1.0	1.0	0.6890906095504761
Q12965	A:TYR:989	1.0	1.0	0.6487466096878052
Q12965	A:SER:723	0.0	1.0	0.6302818059921265
Q12965	A:TYR:695	0.0	0.0	0.4272885024547577
Q12965	A:SER:574	0.0	1.0	0.651161253452301
Q12965	A:TYR:428	0.0	0.0	0.47910788655281067
Q12965	A:SER:661	0.0	1.0	0.6071087121963501
Q12965	A:THR:851	0.0	1.0	0.5067076683044434
Q12965	A:TYR:236	0.0	0.0	0.45804476737976074
Q12965	A:TYR:861	0.0	1.0	0.5000939965248108
Q12965	A:TYR:96	0.0	0.0	0.4602029025554657
Q12965	A:TYR:43	0.0	0.0	0.42595258355140686
Q12965	A:SER:3	0.0	1.0	0.7533152103424072
Q12965	A:SER:1034	0.0	1.0	0.8144301176071167
Q12965	A:THR:436	0.0	0.0	0.4897543787956238
Q12965	A:SER:1086	0.0	1.0	0.5936509370803833
Q12965	A:THR:931	0.0	1.0	0.7878004312515259
Q12965	A:SER:190	0.0	0.0	0.4992125630378723
Q12965	A:THR:50	0.0	1.0	0.5361273288726807
Q12965	A:SER:28	0.0	1.0	0.5652772784233093
Q12965	A:THR:828	0.0	1.0	0.6074977517127991
P0C7T2	A:THR:289	1.0	1.0	0.6335404515266418
P0C7T2	A:TYR:248	0.0	0.0	0.4100069999694824
P0C7T2	A:TYR:186	0.0	0.0	0.39731842279434204
P0C7T2	A:THR:97	0.0	0.0	0.45806756615638733
P0C7T2	A:SER:110	0.0	1.0	0.6160862445831299
P0C7T2	A:SER:66	0.0	0.0	0.4704015552997589
P0C7T2	A:THR:3	0.0	1.0	0.5016433000564575
P0C7T2	A:SER:5	0.0	1.0	0.5647464990615845
P0C7T2	A:SER:162	0.0	1.0	0.5659400820732117
P0C7T2	A:THR:181	0.0	0.0	0.4888688325881958
P0C7T2	A:SER:255	0.0	1.0	0.5156553387641907
Q5SRN2	A:SER:326	1.0	1.0	0.7891519665718079
Q5SRN2	A:SER:328	1.0	1.0	0.7909451723098755
Q5SRN2	A:SER:371	1.0	1.0	0.8013256788253784
Q5SRN2	A:SER:403	1.0	1.0	0.7959088683128357
Q5SRN2	A:SER:464	1.0	1.0	0.7444648742675781
Q5SRN2	A:THR:260	1.0	1.0	0.5952460169792175
Q5SRN2	A:THR:281	1.0	1.0	0.6602190136909485
Q5SRN2	A:THR:306	1.0	1.0	0.7183442115783691
Q5SRN2	A:SER:115	0.0	1.0	0.7580851316452026
Q5SRN2	A:SER:42	0.0	1.0	0.8523436188697815
Q5SRN2	A:SER:189	0.0	1.0	0.8238987326622009
Q5SRN2	A:THR:125	0.0	1.0	0.7998937964439392
Q5SRN2	A:THR:124	0.0	1.0	0.7139078974723816
Q5SRN2	A:THR:192	0.0	1.0	0.7404860258102417
Q5SRN2	A:THR:156	0.0	1.0	0.6985929608345032
Q5SRN2	A:THR:140	0.0	1.0	0.7359002828598022
Q5SRN2	A:SER:75	0.0	1.0	0.8640906810760498
Q5SRN2	A:TYR:167	0.0	1.0	0.6996296048164368
Q5SRN2	A:SER:118	0.0	1.0	0.8592715263366699
Q96ST3	A:SER:10	1.0	1.0	0.8480499386787415
Q96ST3	A:SER:23	1.0	1.0	0.8192833662033081
Q96ST3	A:SER:166	1.0	1.0	0.5673820376396179
Q96ST3	A:SER:169	1.0	1.0	0.5056725740432739
Q96ST3	A:SER:274	1.0	1.0	0.875942051410675
Q96ST3	A:SER:277	1.0	1.0	0.8513530492782593
Q96ST3	A:SER:289	1.0	1.0	0.7809972763061523
Q96ST3	A:SER:421	1.0	1.0	0.8299837708473206
Q96ST3	A:SER:450	1.0	1.0	0.698346734046936
Q96ST3	A:SER:451	1.0	1.0	0.6332379579544067
Q96ST3	A:SER:505	1.0	0.0	0.496352881193161
Q96ST3	A:SER:641	1.0	1.0	0.628470778465271
Q96ST3	A:SER:748	1.0	1.0	0.5639693140983582
Q96ST3	A:SER:832	1.0	1.0	0.7202559113502502
Q96ST3	A:SER:860	1.0	1.0	0.8631294369697571
Q96ST3	A:SER:938	1.0	1.0	0.76845383644104
Q96ST3	A:SER:940	1.0	1.0	0.7986290454864502
Q96ST3	A:SER:1089	1.0	1.0	0.7375596761703491
Q96ST3	A:SER:1108	1.0	1.0	0.6719613075256348
Q96ST3	A:SER:1112	1.0	1.0	0.7101234197616577
Q96ST3	A:SER:1161	1.0	1.0	0.7173221707344055
Q96ST3	A:SER:1231	1.0	1.0	0.6464760303497314
Q96ST3	A:THR:260	1.0	1.0	0.8800408840179443
Q96ST3	A:THR:266	1.0	1.0	0.8530825972557068
Q96ST3	A:THR:284	1.0	1.0	0.8688802719116211
Q96ST3	A:THR:350	1.0	1.0	0.5539865493774414
Q96ST3	A:THR:432	1.0	1.0	0.7804151773452759
Q96ST3	A:THR:434	1.0	1.0	0.7858759164810181
Q96ST3	A:THR:435	1.0	1.0	0.8577064275741577
Q96ST3	A:THR:539	1.0	1.0	0.6142550110816956
Q96ST3	A:THR:574	1.0	1.0	0.5658828616142273
Q96ST3	A:THR:584	1.0	1.0	0.5665630102157593
Q96ST3	A:THR:802	1.0	0.0	0.45522668957710266
Q96ST3	A:THR:1110	1.0	1.0	0.6208578944206238
Q96ST3	A:THR:1111	1.0	1.0	0.6106906533241272
Q96ST3	A:TYR:13	1.0	1.0	0.5279769897460938
Q96ST3	A:TYR:41	1.0	1.0	0.5489859580993652
Q96ST3	A:TYR:272	1.0	1.0	0.5948989987373352
Q96ST3	A:TYR:310	1.0	1.0	0.5331621170043945
Q96ST3	A:TYR:524	1.0	0.0	0.43833020329475403
Q96ST3	A:TYR:558	1.0	1.0	0.5925456881523132
Q96ST3	A:TYR:565	1.0	1.0	0.5140431523323059
Q96ST3	A:TYR:610	1.0	0.0	0.44110605120658875
Q96ST3	A:TYR:757	1.0	0.0	0.41527995467185974
Q96ST3	A:TYR:958	1.0	0.0	0.4509284794330597
Q96ST3	A:TYR:959	1.0	0.0	0.4335976839065552
Q96ST3	A:TYR:1101	1.0	1.0	0.5089362263679504
Q96ST3	A:TYR:1105	1.0	0.0	0.47123369574546814
Q96ST3	A:SER:386	0.0	1.0	0.6340261697769165
Q96ST3	A:THR:765	0.0	1.0	0.5858311653137207
Q96ST3	A:SER:1203	0.0	1.0	0.6318496465682983
Q96ST3	A:TYR:129	0.0	1.0	0.5193746089935303
Q96ST3	A:TYR:1024	0.0	0.0	0.44468238949775696
Q96ST3	A:THR:52	0.0	1.0	0.6996272206306458
Q96ST3	A:THR:392	0.0	1.0	0.6498100161552429
Q96ST3	A:THR:393	0.0	1.0	0.7207784056663513
Q96ST3	A:THR:532	0.0	1.0	0.6317536234855652
Q96ST3	A:SER:390	0.0	1.0	0.6988428235054016
Q96ST3	A:THR:47	0.0	1.0	0.690762996673584
Q96ST3	A:SER:527	0.0	1.0	0.6420970559120178
Q96ST3	A:SER:592	0.0	1.0	0.5972661375999451
Q96ST3	A:TYR:349	0.0	0.0	0.459784597158432
Q96ST3	A:THR:354	0.0	1.0	0.5155748724937439
Q96ST3	A:TYR:548	0.0	0.0	0.4262430965900421
Q96ST3	A:TYR:56	0.0	1.0	0.5313382744789124
Q96ST3	A:SER:65	0.0	1.0	0.7786611318588257
Q96ST3	A:THR:59	0.0	1.0	0.7321292161941528
Q96ST3	A:SER:57	0.0	1.0	0.7619444727897644
Q96ST3	A:SER:71	0.0	1.0	0.8260432481765747
Q96ST3	A:TYR:1266	0.0	0.0	0.4781437814235687
Q96ST3	A:THR:1247	0.0	1.0	0.5627386569976807
Q96ST3	A:THR:1253	0.0	1.0	0.5481224656105042
Q96ST3	A:TYR:781	0.0	0.0	0.4198950231075287
Q96ST3	A:TYR:883	0.0	0.0	0.4394049644470215
Q96ST3	A:SER:595	0.0	1.0	0.5437291264533997
Q96ST3	A:THR:596	0.0	0.0	0.483053594827652
Q96ST3	A:SER:600	0.0	1.0	0.6134111881256104
Q96ST3	A:THR:184	0.0	0.0	0.4272925853729248
